<?xml version="1.0" encoding="UTF-8" ?>
<?ccsproject version="1.0"?>
<projectOptions>
	<ccsVersion value="7.3.0"/>
	<deviceVariant value="MSP430G2553"/>
	<deviceFamily value="MSP430"/>
	<deviceEndianness value="little"/>
	<codegenToolVersion value="17.9.0.STS"/>
	<isElfFormat value="true"/>
	<connection value="common/targetdb/connections/TIMSP430-USB.xml"/>
	<linkerCommandFile value="lnk_msp430g2553.cmd"/>
	<rts value="libc.a"/>
	<createSlaveProjects value=""/>
	<templateProperties value="id=com.ti.common.project.core.emptyProjectWithMainTemplate_msp430,"/>
	<filesToOpen value="main.c,"/>
</projectOptions>
