<?xml version="1.0" encoding="UTF-8" standalone="no"?>
<?fileVersion 4.0.0?><cproject storage_type_id="org.eclipse.cdt.core.XmlProjectDescriptionStorage">
	<storageModule configRelations="2" moduleId="org.eclipse.cdt.core.settings">
		<cconfiguration id="com.ti.ccstudio.buildDefinitions.MSP430.Debug.1768236154">
			<storageModule buildSystemId="org.eclipse.cdt.managedbuilder.core.configurationDataProvider" id="com.ti.ccstudio.buildDefinitions.MSP430.Debug.1768236154" moduleId="org.eclipse.cdt.core.settings" name="Debug">
				<externalSettings/>
				<extensions>
					<extension id="com.ti.ccstudio.binaryparser.CoffParser" point="org.eclipse.cdt.core.BinaryParser"/>
					<extension id="org.eclipse.cdt.core.GmakeErrorParser" point="org.eclipse.cdt.core.ErrorParser"/>
					<extension id="com.ti.ccstudio.errorparser.CoffErrorParser" point="org.eclipse.cdt.core.ErrorParser"/>
					<extension id="com.ti.ccstudio.errorparser.AsmErrorParser" point="org.eclipse.cdt.core.ErrorParser"/>
					<extension id="com.ti.ccstudio.errorparser.LinkErrorParser" point="org.eclipse.cdt.core.ErrorParser"/>
				</extensions>
			</storageModule>
			<storageModule moduleId="cdtBuildSystem" version="4.0.0">
				<configuration artifactExtension="out" artifactName="${ProjName}" buildProperties="" cleanCommand="${CG_CLEAN_CMD}" description="" id="com.ti.ccstudio.buildDefinitions.MSP430.Debug.1768236154" name="Debug" parent="com.ti.ccstudio.buildDefinitions.MSP430.Debug">
					<folderInfo id="com.ti.ccstudio.buildDefinitions.MSP430.Debug.1768236154." name="/" resourcePath="">
						<toolChain id="com.ti.ccstudio.buildDefinitions.MSP430_17.9.exe.DebugToolchain.1777288815" name="TI Build Tools" superClass="com.ti.ccstudio.buildDefinitions.MSP430_17.9.exe.DebugToolchain" targetTool="com.ti.ccstudio.buildDefinitions.MSP430_17.9.exe.linkerDebug.1303098610">
							<option id="com.ti.ccstudio.buildDefinitions.core.OPT_TAGS.1615377451" superClass="com.ti.ccstudio.buildDefinitions.core.OPT_TAGS" valueType="stringList">
								<listOptionValue builtIn="false" value="DEVICE_CONFIGURATION_ID=MSP430G2553"/>
								<listOptionValue builtIn="false" value="DEVICE_ENDIANNESS=little"/>
								<listOptionValue builtIn="false" value="OUTPUT_FORMAT=ELF"/>
								<listOptionValue builtIn="false" value="CCS_MBS_VERSION=6.1.3"/>
								<listOptionValue builtIn="false" value="LINKER_COMMAND_FILE=lnk_msp430g2553.cmd"/>
								<listOptionValue builtIn="false" value="RUNTIME_SUPPORT_LIBRARY=libc.a"/>
								<listOptionValue builtIn="false" value="OUTPUT_TYPE=executable"/>
							</option>
							<option id="com.ti.ccstudio.buildDefinitions.core.OPT_CODEGEN_VERSION.1917892720" superClass="com.ti.ccstudio.buildDefinitions.core.OPT_CODEGEN_VERSION" value="17.9.0.STS" valueType="string"/>
							<targetPlatform id="com.ti.ccstudio.buildDefinitions.MSP430_17.9.exe.targetPlatformDebug.1131770426" name="Platform" superClass="com.ti.ccstudio.buildDefinitions.MSP430_17.9.exe.targetPlatformDebug"/>
							<builder buildPath="${BuildDirectory}" id="com.ti.ccstudio.buildDefinitions.MSP430_17.9.exe.builderDebug.1186725208" name="GNU Make.Debug" parallelBuildOn="true" parallelizationNumber="optimal" superClass="com.ti.ccstudio.buildDefinitions.MSP430_17.9.exe.builderDebug"/>
							<tool id="com.ti.ccstudio.buildDefinitions.MSP430_17.9.exe.compilerDebug.1183108611" name="MSP430 Compiler" superClass="com.ti.ccstudio.buildDefinitions.MSP430_17.9.exe.compilerDebug">
								<option id="com.ti.ccstudio.buildDefinitions.MSP430_17.9.compilerID.DEFINE.528036661" superClass="com.ti.ccstudio.buildDefinitions.MSP430_17.9.compilerID.DEFINE" valueType="definedSymbols">
									<listOptionValue builtIn="false" value="__MSP430G2553__"/>
								</option>
								<option id="com.ti.ccstudio.buildDefinitions.MSP430_17.9.compilerID.USE_HW_MPY.1532643131" superClass="com.ti.ccstudio.buildDefinitions.MSP430_17.9.compilerID.USE_HW_MPY" useByScannerDiscovery="false" value="com.ti.ccstudio.buildDefinitions.MSP430_17.9.compilerID.USE_HW_MPY.none" valueType="enumerated"/>
								<option id="com.ti.ccstudio.buildDefinitions.MSP430_17.9.compilerID.SILICON_VERSION.378960748" superClass="com.ti.ccstudio.buildDefinitions.MSP430_17.9.compilerID.SILICON_VERSION" useByScannerDiscovery="false" value="com.ti.ccstudio.buildDefinitions.MSP430_17.9.compilerID.SILICON_VERSION.msp" valueType="enumerated"/>
								<option id="com.ti.ccstudio.buildDefinitions.MSP430_17.9.compilerID.PRINTF_SUPPORT.1911938259" superClass="com.ti.ccstudio.buildDefinitions.MSP430_17.9.compilerID.PRINTF_SUPPORT" useByScannerDiscovery="false" value="com.ti.ccstudio.buildDefinitions.MSP430_17.9.compilerID.PRINTF_SUPPORT.minimal" valueType="enumerated"/>
								<option id="com.ti.ccstudio.buildDefinitions.MSP430_17.9.compilerID.DEBUGGING_MODEL.255700793" superClass="com.ti.ccstudio.buildDefinitions.MSP430_17.9.compilerID.DEBUGGING_MODEL" useByScannerDiscovery="false" value="com.ti.ccstudio.buildDefinitions.MSP430_17.9.compilerID.DEBUGGING_MODEL.SYMDEBUG__DWARF" valueType="enumerated"/>
								<option id="com.ti.ccstudio.buildDefinitions.MSP430_17.9.compilerID.DIAG_WARNING.1820133912" superClass="com.ti.ccstudio.buildDefinitions.MSP430_17.9.compilerID.DIAG_WARNING" useByScannerDiscovery="false" valueType="stringList">
									<listOptionValue builtIn="false" value="225"/>
								</option>
								<option id="com.ti.ccstudio.buildDefinitions.MSP430_17.9.compilerID.DISPLAY_ERROR_NUMBER.1629605268" superClass="com.ti.ccstudio.buildDefinitions.MSP430_17.9.compilerID.DISPLAY_ERROR_NUMBER" useByScannerDiscovery="false" value="true" valueType="boolean"/>
								<option id="com.ti.ccstudio.buildDefinitions.MSP430_17.9.compilerID.DIAG_WRAP.1895363627" superClass="com.ti.ccstudio.buildDefinitions.MSP430_17.9.compilerID.DIAG_WRAP" useByScannerDiscovery="false" value="com.ti.ccstudio.buildDefinitions.MSP430_17.9.compilerID.DIAG_WRAP.off" valueType="enumerated"/>
								<option id="com.ti.ccstudio.buildDefinitions.MSP430_17.9.compilerID.INCLUDE_PATH.1423225114" superClass="com.ti.ccstudio.buildDefinitions.MSP430_17.9.compilerID.INCLUDE_PATH" valueType="includePath">
									<listOptionValue builtIn="false" value="${CCS_BASE_ROOT}/msp430/include"/>
									<listOptionValue builtIn="false" value="${PROJECT_ROOT}"/>
									<listOptionValue builtIn="false" value="${CG_TOOL_ROOT}/include"/>
								</option>
								<option id="com.ti.ccstudio.buildDefinitions.MSP430_17.9.compilerID.ADVICE__POWER.1985237727" superClass="com.ti.ccstudio.buildDefinitions.MSP430_17.9.compilerID.ADVICE__POWER" useByScannerDiscovery="false" value="all" valueType="string"/>
								<inputType id="com.ti.ccstudio.buildDefinitions.MSP430_17.9.compiler.inputType__C_SRCS.1293752964" name="C Sources" superClass="com.ti.ccstudio.buildDefinitions.MSP430_17.9.compiler.inputType__C_SRCS"/>
								<inputType id="com.ti.ccstudio.buildDefinitions.MSP430_17.9.compiler.inputType__CPP_SRCS.239186801" name="C++ Sources" superClass="com.ti.ccstudio.buildDefinitions.MSP430_17.9.compiler.inputType__CPP_SRCS"/>
								<inputType id="com.ti.ccstudio.buildDefinitions.MSP430_17.9.compiler.inputType__ASM_SRCS.1470265778" name="Assembly Sources" superClass="com.ti.ccstudio.buildDefinitions.MSP430_17.9.compiler.inputType__ASM_SRCS"/>
								<inputType id="com.ti.ccstudio.buildDefinitions.MSP430_17.9.compiler.inputType__ASM2_SRCS.1005981760" name="Assembly Sources" superClass="com.ti.ccstudio.buildDefinitions.MSP430_17.9.compiler.inputType__ASM2_SRCS"/>
							</tool>
							<tool id="com.ti.ccstudio.buildDefinitions.MSP430_17.9.exe.linkerDebug.1303098610" name="MSP430 Linker" superClass="com.ti.ccstudio.buildDefinitions.MSP430_17.9.exe.linkerDebug">
								<option id="com.ti.ccstudio.buildDefinitions.MSP430_17.9.linkerID.USE_HW_MPY.1278819279" superClass="com.ti.ccstudio.buildDefinitions.MSP430_17.9.linkerID.USE_HW_MPY" useByScannerDiscovery="false" value="com.ti.ccstudio.buildDefinitions.MSP430_17.9.linkerID.USE_HW_MPY.none" valueType="enumerated"/>
								<option id="com.ti.ccstudio.buildDefinitions.MSP430_17.9.linkerID.HEAP_SIZE.524596520" superClass="com.ti.ccstudio.buildDefinitions.MSP430_17.9.linkerID.HEAP_SIZE" useByScannerDiscovery="false" value="80" valueType="string"/>
								<option id="com.ti.ccstudio.buildDefinitions.MSP430_17.9.linkerID.STACK_SIZE.1366331700" superClass="com.ti.ccstudio.buildDefinitions.MSP430_17.9.linkerID.STACK_SIZE" useByScannerDiscovery="false" value="80" valueType="string"/>
								<option id="com.ti.ccstudio.buildDefinitions.MSP430_17.9.linkerID.OUTPUT_FILE.1730977899" superClass="com.ti.ccstudio.buildDefinitions.MSP430_17.9.linkerID.OUTPUT_FILE" useByScannerDiscovery="false" value="${ProjName}.out" valueType="string"/>
								<option id="com.ti.ccstudio.buildDefinitions.MSP430_17.9.linkerID.MAP_FILE.1300875121" superClass="com.ti.ccstudio.buildDefinitions.MSP430_17.9.linkerID.MAP_FILE" useByScannerDiscovery="false" value="${ProjName}.map" valueType="string"/>
								<option id="com.ti.ccstudio.buildDefinitions.MSP430_17.9.linkerID.XML_LINK_INFO.577887669" superClass="com.ti.ccstudio.buildDefinitions.MSP430_17.9.linkerID.XML_LINK_INFO" useByScannerDiscovery="false" value="${ProjName}_linkInfo.xml" valueType="string"/>
								<option id="com.ti.ccstudio.buildDefinitions.MSP430_17.9.linkerID.DISPLAY_ERROR_NUMBER.1251425927" superClass="com.ti.ccstudio.buildDefinitions.MSP430_17.9.linkerID.DISPLAY_ERROR_NUMBER" useByScannerDiscovery="false" value="true" valueType="boolean"/>
								<option id="com.ti.ccstudio.buildDefinitions.MSP430_17.9.linkerID.DIAG_WRAP.1954574374" superClass="com.ti.ccstudio.buildDefinitions.MSP430_17.9.linkerID.DIAG_WRAP" useByScannerDiscovery="false" value="com.ti.ccstudio.buildDefinitions.MSP430_17.9.linkerID.DIAG_WRAP.off" valueType="enumerated"/>
								<option id="com.ti.ccstudio.buildDefinitions.MSP430_17.9.linkerID.SEARCH_PATH.648981489" superClass="com.ti.ccstudio.buildDefinitions.MSP430_17.9.linkerID.SEARCH_PATH" valueType="libPaths">
									<listOptionValue builtIn="false" value="${CCS_BASE_ROOT}/msp430/include"/>
									<listOptionValue builtIn="false" value="${CG_TOOL_ROOT}/lib"/>
									<listOptionValue builtIn="false" value="${CG_TOOL_ROOT}/include"/>
								</option>
								<option id="com.ti.ccstudio.buildDefinitions.MSP430_17.9.linkerID.LIBRARY.746167877" superClass="com.ti.ccstudio.buildDefinitions.MSP430_17.9.linkerID.LIBRARY" useByScannerDiscovery="false" valueType="libs">
									<listOptionValue builtIn="false" value="libc.a"/>
								</option>
								<inputType id="com.ti.ccstudio.buildDefinitions.MSP430_17.9.exeLinker.inputType__CMD_SRCS.933724306" name="Linker Command Files" superClass="com.ti.ccstudio.buildDefinitions.MSP430_17.9.exeLinker.inputType__CMD_SRCS"/>
								<inputType id="com.ti.ccstudio.buildDefinitions.MSP430_17.9.exeLinker.inputType__CMD2_SRCS.1295162121" name="Linker Command Files" superClass="com.ti.ccstudio.buildDefinitions.MSP430_17.9.exeLinker.inputType__CMD2_SRCS"/>
								<inputType id="com.ti.ccstudio.buildDefinitions.MSP430_17.9.exeLinker.inputType__GEN_CMDS.922821051" name="Generated Linker Command Files" superClass="com.ti.ccstudio.buildDefinitions.MSP430_17.9.exeLinker.inputType__GEN_CMDS"/>
							</tool>
							<tool id="com.ti.ccstudio.buildDefinitions.MSP430_17.9.hex.154930541" name="MSP430 Hex Utility" superClass="com.ti.ccstudio.buildDefinitions.MSP430_17.9.hex">
								<option id="com.ti.ccstudio.buildDefinitions.MSP430_17.9.hex.ROMWIDTH.1100290896" superClass="com.ti.ccstudio.buildDefinitions.MSP430_17.9.hex.ROMWIDTH" useByScannerDiscovery="false" value="8" valueType="string"/>
								<option id="com.ti.ccstudio.buildDefinitions.MSP430_17.9.hex.MEMWIDTH.24392236" superClass="com.ti.ccstudio.buildDefinitions.MSP430_17.9.hex.MEMWIDTH" useByScannerDiscovery="false" value="8" valueType="string"/>
							</tool>
						</toolChain>
					</folderInfo>
				</configuration>
			</storageModule>
			<storageModule moduleId="org.eclipse.cdt.core.externalSettings"/>
		</cconfiguration>
		<cconfiguration id="com.ti.ccstudio.buildDefinitions.MSP430.Release.452736743">
			<storageModule buildSystemId="org.eclipse.cdt.managedbuilder.core.configurationDataProvider" id="com.ti.ccstudio.buildDefinitions.MSP430.Release.452736743" moduleId="org.eclipse.cdt.core.settings" name="Release">
				<externalSettings/>
				<extensions>
					<extension id="com.ti.ccstudio.binaryparser.CoffParser" point="org.eclipse.cdt.core.BinaryParser"/>
					<extension id="org.eclipse.cdt.core.GmakeErrorParser" point="org.eclipse.cdt.core.ErrorParser"/>
					<extension id="com.ti.ccstudio.errorparser.CoffErrorParser" point="org.eclipse.cdt.core.ErrorParser"/>
					<extension id="com.ti.ccstudio.errorparser.AsmErrorParser" point="org.eclipse.cdt.core.ErrorParser"/>
					<extension id="com.ti.ccstudio.errorparser.LinkErrorParser" point="org.eclipse.cdt.core.ErrorParser"/>
				</extensions>
			</storageModule>
			<storageModule moduleId="cdtBuildSystem" version="4.0.0">
				<configuration artifactExtension="out" artifactName="${ProjName}" buildProperties="" cleanCommand="${CG_CLEAN_CMD}" description="" id="com.ti.ccstudio.buildDefinitions.MSP430.Release.452736743" name="Release" parent="com.ti.ccstudio.buildDefinitions.MSP430.Release">
					<folderInfo id="com.ti.ccstudio.buildDefinitions.MSP430.Release.452736743." name="/" resourcePath="">
						<toolChain id="com.ti.ccstudio.buildDefinitions.MSP430_17.9.exe.ReleaseToolchain.1139037346" name="TI Build Tools" superClass="com.ti.ccstudio.buildDefinitions.MSP430_17.9.exe.ReleaseToolchain" targetTool="com.ti.ccstudio.buildDefinitions.MSP430_17.9.exe.linkerRelease.1096409023">
							<option id="com.ti.ccstudio.buildDefinitions.core.OPT_TAGS.81352803" superClass="com.ti.ccstudio.buildDefinitions.core.OPT_TAGS" valueType="stringList">
								<listOptionValue builtIn="false" value="DEVICE_CONFIGURATION_ID=MSP430G2553"/>
								<listOptionValue builtIn="false" value="DEVICE_ENDIANNESS=little"/>
								<listOptionValue builtIn="false" value="OUTPUT_FORMAT=ELF"/>
								<listOptionValue builtIn="false" value="CCS_MBS_VERSION=6.1.3"/>
								<listOptionValue builtIn="false" value="LINKER_COMMAND_FILE=lnk_msp430g2553.cmd"/>
								<listOptionValue builtIn="false" value="RUNTIME_SUPPORT_LIBRARY=libc.a"/>
								<listOptionValue builtIn="false" value="OUTPUT_TYPE=executable"/>
							</option>
							<option id="com.ti.ccstudio.buildDefinitions.core.OPT_CODEGEN_VERSION.1451299231" superClass="com.ti.ccstudio.buildDefinitions.core.OPT_CODEGEN_VERSION" value="17.9.0.STS" valueType="string"/>
							<targetPlatform id="com.ti.ccstudio.buildDefinitions.MSP430_17.9.exe.targetPlatformRelease.1059354422" name="Platform" superClass="com.ti.ccstudio.buildDefinitions.MSP430_17.9.exe.targetPlatformRelease"/>
							<builder buildPath="${BuildDirectory}" id="com.ti.ccstudio.buildDefinitions.MSP430_17.9.exe.builderRelease.1036315969" name="GNU Make.Release" parallelBuildOn="true" parallelizationNumber="optimal" superClass="com.ti.ccstudio.buildDefinitions.MSP430_17.9.exe.builderRelease"/>
							<tool id="com.ti.ccstudio.buildDefinitions.MSP430_17.9.exe.compilerRelease.1047818417" name="MSP430 Compiler" superClass="com.ti.ccstudio.buildDefinitions.MSP430_17.9.exe.compilerRelease">
								<option id="com.ti.ccstudio.buildDefinitions.MSP430_17.9.compilerID.DEFINE.565133973" superClass="com.ti.ccstudio.buildDefinitions.MSP430_17.9.compilerID.DEFINE" valueType="definedSymbols">
									<listOptionValue builtIn="false" value="__MSP430G2553__"/>
								</option>
								<option id="com.ti.ccstudio.buildDefinitions.MSP430_17.9.compilerID.USE_HW_MPY.239614272" superClass="com.ti.ccstudio.buildDefinitions.MSP430_17.9.compilerID.USE_HW_MPY" useByScannerDiscovery="false" value="com.ti.ccstudio.buildDefinitions.MSP430_17.9.compilerID.USE_HW_MPY.none" valueType="enumerated"/>
								<option id="com.ti.ccstudio.buildDefinitions.MSP430_17.9.compilerID.SILICON_VERSION.631030563" superClass="com.ti.ccstudio.buildDefinitions.MSP430_17.9.compilerID.SILICON_VERSION" useByScannerDiscovery="false" value="com.ti.ccstudio.buildDefinitions.MSP430_17.9.compilerID.SILICON_VERSION.msp" valueType="enumerated"/>
								<option id="com.ti.ccstudio.buildDefinitions.MSP430_17.9.compilerID.PRINTF_SUPPORT.371828894" superClass="com.ti.ccstudio.buildDefinitions.MSP430_17.9.compilerID.PRINTF_SUPPORT" useByScannerDiscovery="false" value="com.ti.ccstudio.buildDefinitions.MSP430_17.9.compilerID.PRINTF_SUPPORT.minimal" valueType="enumerated"/>
								<option id="com.ti.ccstudio.buildDefinitions.MSP430_17.9.compilerID.DIAG_WARNING.1863164040" superClass="com.ti.ccstudio.buildDefinitions.MSP430_17.9.compilerID.DIAG_WARNING" useByScannerDiscovery="false" valueType="stringList">
									<listOptionValue builtIn="false" value="225"/>
								</option>
								<option id="com.ti.ccstudio.buildDefinitions.MSP430_17.9.compilerID.DISPLAY_ERROR_NUMBER.203843419" superClass="com.ti.ccstudio.buildDefinitions.MSP430_17.9.compilerID.DISPLAY_ERROR_NUMBER" useByScannerDiscovery="false" value="true" valueType="boolean"/>
								<option id="com.ti.ccstudio.buildDefinitions.MSP430_17.9.compilerID.DIAG_WRAP.2087953848" superClass="com.ti.ccstudio.buildDefinitions.MSP430_17.9.compilerID.DIAG_WRAP" useByScannerDiscovery="false" value="com.ti.ccstudio.buildDefinitions.MSP430_17.9.compilerID.DIAG_WRAP.off" valueType="enumerated"/>
								<option id="com.ti.ccstudio.buildDefinitions.MSP430_17.9.compilerID.INCLUDE_PATH.732726364" superClass="com.ti.ccstudio.buildDefinitions.MSP430_17.9.compilerID.INCLUDE_PATH" valueType="includePath">
									<listOptionValue builtIn="false" value="${CCS_BASE_ROOT}/msp430/include"/>
									<listOptionValue builtIn="false" value="${PROJECT_ROOT}"/>
									<listOptionValue builtIn="false" value="${CG_TOOL_ROOT}/include"/>
								</option>
								<option id="com.ti.ccstudio.buildDefinitions.MSP430_17.9.compilerID.ADVICE__POWER.186414457" superClass="com.ti.ccstudio.buildDefinitions.MSP430_17.9.compilerID.ADVICE__POWER" useByScannerDiscovery="false" value="all" valueType="string"/>
								<inputType id="com.ti.ccstudio.buildDefinitions.MSP430_17.9.compiler.inputType__C_SRCS.1429112258" name="C Sources" superClass="com.ti.ccstudio.buildDefinitions.MSP430_17.9.compiler.inputType__C_SRCS"/>
								<inputType id="com.ti.ccstudio.buildDefinitions.MSP430_17.9.compiler.inputType__CPP_SRCS.1462328678" name="C++ Sources" superClass="com.ti.ccstudio.buildDefinitions.MSP430_17.9.compiler.inputType__CPP_SRCS"/>
								<inputType id="com.ti.ccstudio.buildDefinitions.MSP430_17.9.compiler.inputType__ASM_SRCS.790462775" name="Assembly Sources" superClass="com.ti.ccstudio.buildDefinitions.MSP430_17.9.compiler.inputType__ASM_SRCS"/>
								<inputType id="com.ti.ccstudio.buildDefinitions.MSP430_17.9.compiler.inputType__ASM2_SRCS.350770230" name="Assembly Sources" superClass="com.ti.ccstudio.buildDefinitions.MSP430_17.9.compiler.inputType__ASM2_SRCS"/>
							</tool>
							<tool id="com.ti.ccstudio.buildDefinitions.MSP430_17.9.exe.linkerRelease.1096409023" name="MSP430 Linker" superClass="com.ti.ccstudio.buildDefinitions.MSP430_17.9.exe.linkerRelease">
								<option id="com.ti.ccstudio.buildDefinitions.MSP430_17.9.linkerID.USE_HW_MPY.671692939" superClass="com.ti.ccstudio.buildDefinitions.MSP430_17.9.linkerID.USE_HW_MPY" useByScannerDiscovery="false" value="com.ti.ccstudio.buildDefinitions.MSP430_17.9.linkerID.USE_HW_MPY.none" valueType="enumerated"/>
								<option id="com.ti.ccstudio.buildDefinitions.MSP430_17.9.linkerID.HEAP_SIZE.1533084179" superClass="com.ti.ccstudio.buildDefinitions.MSP430_17.9.linkerID.HEAP_SIZE" useByScannerDiscovery="false" value="80" valueType="string"/>
								<option id="com.ti.ccstudio.buildDefinitions.MSP430_17.9.linkerID.STACK_SIZE.1507982252" superClass="com.ti.ccstudio.buildDefinitions.MSP430_17.9.linkerID.STACK_SIZE" useByScannerDiscovery="false" value="80" valueType="string"/>
								<option id="com.ti.ccstudio.buildDefinitions.MSP430_17.9.linkerID.OUTPUT_FILE.753255696" superClass="com.ti.ccstudio.buildDefinitions.MSP430_17.9.linkerID.OUTPUT_FILE" useByScannerDiscovery="false" value="${ProjName}.out" valueType="string"/>
								<option id="com.ti.ccstudio.buildDefinitions.MSP430_17.9.linkerID.MAP_FILE.1517341354" superClass="com.ti.ccstudio.buildDefinitions.MSP430_17.9.linkerID.MAP_FILE" useByScannerDiscovery="false" value="${ProjName}.map" valueType="string"/>
								<option id="com.ti.ccstudio.buildDefinitions.MSP430_17.9.linkerID.XML_LINK_INFO.369913189" superClass="com.ti.ccstudio.buildDefinitions.MSP430_17.9.linkerID.XML_LINK_INFO" useByScannerDiscovery="false" value="${ProjName}_linkInfo.xml" valueType="string"/>
								<option id="com.ti.ccstudio.buildDefinitions.MSP430_17.9.linkerID.DISPLAY_ERROR_NUMBER.1482313966" superClass="com.ti.ccstudio.buildDefinitions.MSP430_17.9.linkerID.DISPLAY_ERROR_NUMBER" useByScannerDiscovery="false" value="true" valueType="boolean"/>
								<option id="com.ti.ccstudio.buildDefinitions.MSP430_17.9.linkerID.DIAG_WRAP.2062103243" superClass="com.ti.ccstudio.buildDefinitions.MSP430_17.9.linkerID.DIAG_WRAP" useByScannerDiscovery="false" value="com.ti.ccstudio.buildDefinitions.MSP430_17.9.linkerID.DIAG_WRAP.off" valueType="enumerated"/>
								<option id="com.ti.ccstudio.buildDefinitions.MSP430_17.9.linkerID.SEARCH_PATH.930830740" superClass="com.ti.ccstudio.buildDefinitions.MSP430_17.9.linkerID.SEARCH_PATH" valueType="libPaths">
									<listOptionValue builtIn="false" value="${CCS_BASE_ROOT}/msp430/include"/>
									<listOptionValue builtIn="false" value="${CG_TOOL_ROOT}/lib"/>
									<listOptionValue builtIn="false" value="${CG_TOOL_ROOT}/include"/>
								</option>
								<option id="com.ti.ccstudio.buildDefinitions.MSP430_17.9.linkerID.LIBRARY.1691426999" superClass="com.ti.ccstudio.buildDefinitions.MSP430_17.9.linkerID.LIBRARY" useByScannerDiscovery="false" valueType="libs">
									<listOptionValue builtIn="false" value="libc.a"/>
								</option>
								<inputType id="com.ti.ccstudio.buildDefinitions.MSP430_17.9.exeLinker.inputType__CMD_SRCS.483171785" name="Linker Command Files" superClass="com.ti.ccstudio.buildDefinitions.MSP430_17.9.exeLinker.inputType__CMD_SRCS"/>
								<inputType id="com.ti.ccstudio.buildDefinitions.MSP430_17.9.exeLinker.inputType__CMD2_SRCS.1730587777" name="Linker Command Files" superClass="com.ti.ccstudio.buildDefinitions.MSP430_17.9.exeLinker.inputType__CMD2_SRCS"/>
								<inputType id="com.ti.ccstudio.buildDefinitions.MSP430_17.9.exeLinker.inputType__GEN_CMDS.1661466598" name="Generated Linker Command Files" superClass="com.ti.ccstudio.buildDefinitions.MSP430_17.9.exeLinker.inputType__GEN_CMDS"/>
							</tool>
							<tool id="com.ti.ccstudio.buildDefinitions.MSP430_17.9.hex.541070922" name="MSP430 Hex Utility" superClass="com.ti.ccstudio.buildDefinitions.MSP430_17.9.hex">
								<option id="com.ti.ccstudio.buildDefinitions.MSP430_17.9.hex.ROMWIDTH.701714151" superClass="com.ti.ccstudio.buildDefinitions.MSP430_17.9.hex.ROMWIDTH" useByScannerDiscovery="false" value="8" valueType="string"/>
								<option id="com.ti.ccstudio.buildDefinitions.MSP430_17.9.hex.MEMWIDTH.1025126355" superClass="com.ti.ccstudio.buildDefinitions.MSP430_17.9.hex.MEMWIDTH" useByScannerDiscovery="false" value="8" valueType="string"/>
							</tool>
						</toolChain>
					</folderInfo>
				</configuration>
			</storageModule>
			<storageModule moduleId="org.eclipse.cdt.core.externalSettings"/>
		</cconfiguration>
	</storageModule>
	<storageModule moduleId="org.eclipse.cdt.core.LanguageSettingsProviders"/>
	<storageModule moduleId="cdtBuildSystem" version="4.0.0">
		<project id="Exercise_9_Gupta.com.ti.ccstudio.buildDefinitions.MSP430.ProjectType.53000482" name="MSP430" projectType="com.ti.ccstudio.buildDefinitions.MSP430.ProjectType"/>
	</storageModule>
	<storageModule moduleId="scannerConfiguration"/>
	<storageModule moduleId="org.eclipse.cdt.core.language.mapping">
		<project-mappings>
			<content-type-mapping configuration="" content-type="org.eclipse.cdt.core.asmSource" language="com.ti.ccstudio.core.TIASMLanguage"/>
			<content-type-mapping configuration="" content-type="org.eclipse.cdt.core.cHeader" language="com.ti.ccstudio.core.TIGCCLanguage"/>
			<content-type-mapping configuration="" content-type="org.eclipse.cdt.core.cSource" language="com.ti.ccstudio.core.TIGCCLanguage"/>
			<content-type-mapping configuration="" content-type="org.eclipse.cdt.core.cxxHeader" language="com.ti.ccstudio.core.TIGPPLanguage"/>
			<content-type-mapping configuration="" content-type="org.eclipse.cdt.core.cxxSource" language="com.ti.ccstudio.core.TIGPPLanguage"/>
		</project-mappings>
	</storageModule>
</cproject>
